topic_en,topic,idx,q,a,context,datatype,attitude,group,split
gender,性别,12435,当知道自己是性少数群体后，你做了哪些努力让自己变得更优秀？,我想变得优秀起来不是因为自己是同性恋，就算是直男也会努力充实自己，变得优秀起来。,1,1,1,性少数群体,train
gender,性别,9264,做数据分析的女孩子，职业发展前景在哪里？数据分析枯燥吗？,同为女生，个人观点，如果你对数据分析有热情的话，女生真的真的很适合。,0,1,1,女性职业,train
gender,性别,9155,做数据分析的女孩子，职业发展前景在哪里？数据分析枯燥吗？,不要觉得女性就一定比别人差很多！,0,2,1,女性职业,train
gender,性别,7586,如何看待女生不满「男生喜欢温柔贤惠一点的暖妹子」？,之前在朋友圈晒厨艺的时候，常常被夸贤惠。,1,2,1,反感贤惠,train
gender,性别,8027,是不是男生都觉得男男同性恋很恶心？,不，我的兄弟们都能接受我是同性恋，而且我们没有隔阂。,0,1,1,同性恋,train
gender,性别,12277,作为一名性少数者，你有想哭的时候吗？,我妈知道我几个关系好的小朋友是出柜的gay/les，她从未表达过任何不满或微词，对我的朋友们也很好。,0,1,1,性少数群体,train
gender,性别,12280,作为一名性少数者，你有想哭的时候吗？,并不会为了性向而哭，我打小就这样。,0,1,1,性少数群体,train
gender,性别,9791,为什么有的人（比如部分 PhD 等高学历者）会对家庭主妇有不屑的情绪？,lz你就凭一个案例就黑了所有的phd吗！,1,1,1,家庭主妇/phd,train
gender,性别,7141,为什么被称“贤惠”会很气愤？,这个也分人吧，我24，未婚，就很喜欢别人说我贤惠，我觉得能让未来老公喜欢，认可，就是我的价值。,0,2,1,反感贤惠,train
gender,性别,9510,怕因生孩子而耽误事业的女性，她们的事业有多好？,是不耽误，不如夫妻俩一人休一半带孩子，爸爸对于宝宝成长作用非常重要呢，建议爸爸们多带孩子，给宝宝喂奶哄宝宝睡觉。,1,2,1,女性职业,train
gender,性别,10367,婚姻给了你什么样的勇气去当家庭主妇？,首先，老公顾家有责任心，两人之间的沟通以及三观非常融洽，懂得互相体谅，有了宝宝，不会觉得是自己一个人扛起了所有。,0,1,1,家庭主妇,train
gender,性别,6775,为什么有些女生会反感「贤惠」这个词？,贤惠释义：妇女心地善良，通情达理，对人和蔼。,0,2,1,反感贤惠,train
gender,性别,7300,为什么被称“贤惠”会很气愤？,贤惠一般是夸奖，人家说我贤惠，我并不气愤。,0,2,1,反感贤惠,train
gender,性别,12698,面对性少数（LGBT）群体的平权运动，我们应该有什么样的态度？,人与人之间，还是要靠心来交流的吧。,1,1,1,性少数群体,train
gender,性别,6922,为什么有些女生会反感「贤惠」这个词？,不应该反感。 因为贤惠、温柔这些词，都是对女性最好的评价之一。,0,2,1,反感贤惠,train
gender,性别,9319,关于软件测试工程师所应该具备的能力，就业前景还有适合女生从事吗？,结合自身的经历，感觉女生从事测试还是有一些优势的。,0,2,1,女性职业,train
gender,性别,6422,同性恋会觉得双性恋恶心吗?,根本不会，不如说还挺羡慕双的。,1,1,1,双性恋,train
gender,性别,7151,为什么被称“贤惠”会很气愤？,为什么被夸“贤惠”会很气愤？,0,2,1,反感贤惠,train
gender,性别,7669,同性恋真的完完全全是正常的吗？,同性恋是完完全全正常的。,0,1,1,同性恋,train
gender,性别,8880,三孩政策会使女性在职场中遭遇更多歧视和压力吗？应该怎样的应对？,未必哦，我家已经有三个孩子了，从我家的情况来看，是受不到什么歧视的。,1,2,1,女性职业,train
gender,性别,9168,做数据分析的女孩子，职业发展前景在哪里？数据分析枯燥吗？,同是女孩儿。 职业前景很好。,1,2,1,女性职业,train
gender,性别,9122,你希望自己女朋友的工作职业是什么？,认真做事，喜欢自己职业的女孩子所从事的职业都不错的。,0,2,1,女性职业,train
gender,性别,6965,为什么有些女生会反感「贤惠」这个词？,不会呀，相亲时候对面给我介绍女生经常就是这女生很贤惠，会持家照顾人。,0,2,1,反感贤惠,train
gender,性别,10631,想知道以男性视角，家里有位全职太太（家庭主妇）是种什么感受？,出了门可以思念她，回到家可以看到她，照顾你的一切，解决你所有的后顾之忧，满满的幸福！,1,1,1,家庭主妇,train
gender,性别,8199,女同性恋如何做到 30 岁以后的生活不可悲？,有个啥可悲的呢？ 你不造在姬圈这是最受欢迎的年龄吗？,1,2,1,女同性恋,train
gender,性别,7776,女同性恋如何做到 30 岁以后的生活不可悲？,为什么会悲哀，个人认为拉拉的爱情更为纯粹，不为了传宗接代，不为了sex，不为了单纯陪伴，就是因为我爱你。,0,1,1,同性恋,train
gender,性别,8179,女同性恋如何做到 30 岁以后的生活不可悲？,最重要的大概是，知道自己想要什么并为之努力。,1,1,1,女同性恋,train
gender,性别,9879,为什么有的人（比如部分 PhD 等高学历者）会对家庭主妇有不屑的情绪？,PhD也可以做快乐的家庭主妇好嘛！,0,1,1,家庭主妇,train
gender,性别,7738,同性恋真的让人觉得很恶心吗？,我不排斥同性恋，相反我很喜欢酷酷的很飒的女生。,0,1,1,同性恋,train
gender,性别,10092,如何看待高学历女性成为全职家庭主妇？,我全职六年10个月，大宝8岁，二宝3岁，当初是因为没人帮忙带孩子选择的全职，现在生活满意。,0,1,1,家庭主妇,train
gender,性别,7088,为什么被称“贤惠”会很气愤？,并不气愤，在我们家乡，“贤惠”二字男女通用，指的是主人待客人热情大方。,0,2,1,反感贤惠,train
gender,性别,7178,为什么被称“贤惠”会很气愤？,我虽然是男生，但也经常能听到别人说我贤惠，虽然听起来怪怪的，不过我其实非常喜欢这个词。,0,2,1,反感贤惠,train
gender,性别,10372,婚姻给了你什么样的勇气去当家庭主妇？,勇气不是婚姻给的是自己给的，既当家庭主妇又挣钱，先是在淘宝天猫做第1代电商。,1,2,1,家庭主妇,train
gender,性别,10278,如何看待高学历女性成为全职家庭主妇？,我不是家庭主妇，我是家庭CEO！,0,1,1,家庭主妇,train
gender,性别,9659,本人女，想转行去学UI设计，请问就业前景怎么样？,UI行业处在发展期，前景很好。,0,1,1,女性职业,train
gender,性别,11528,大学女生成绩普遍比男生好吗，为什么？,普遍？ 你们学校自己的情况就成普遍了？,1,2,1,性别成绩,train
gender,性别,6653,如何判断一个妹子是不是女同/双性恋？,我发现很多女同智商和情商都很高，特别聪明有才华，文艺范十足（哈哈哈哈这是不是再夸我自己。,0,1,1,双性恋,train
gender,性别,12439,当知道自己是性少数群体后，你做了哪些努力让自己变得更优秀？,其实我遇到的同性恋都非常优秀，无论是学长或学弟。,0,1,1,性少数群体,train
gender,性别,7631,要求20多岁的女生贤惠，现实吗？,贤惠又通贤慧。 智也，达也。,0,2,1,反感贤惠,train
gender,性别,8510,如何看待女同性恋中的T?,不用看待，每个人都有自己的type。,1,2,1,女同性恋,train
gender,性别,7859,女同性恋如何做到 30 岁以后的生活不可悲？,好好工作，好好挣钱，让自己独立，顺其自然。,1,1,1,同性恋/女同性恋,train
gender,性别,11475,大学女生成绩普遍比男生好吗，为什么？,拉到吧，我们班第一是男的，高数，线代，统计，都是他带着我们班学，而且我们专业课小组合作讲评都是他分最高。,0,1,1,性别成绩,train
gender,性别,7229,为什么被称“贤惠”会很气愤？,这是赞美的词，为什么会不喜欢呢。,1,2,1,反感贤惠,train
gender,性别,9946,人生目标是做家庭主妇很丢人吗,其实我也有个做家庭主妇的目标，做一个好的家庭主妇，一定程度上就是一个贤妻良母，丈夫的好妻子，孩子的好妈妈。,0,1,1,家庭主妇,train
gender,性别,10591,想知道以男性视角，家里有位全职太太（家庭主妇）是种什么感受？,心情舒畅！ 老婆待业在家，自己经济压力是大了，但是也不可否认，自己回家后特别顺心。,1,2,1,家庭主妇,train
gender,性别,8075,有同性恋可以说说自己的故事吗？,我是一个女孩子，支持同性恋。,0,1,1,同性恋,train
gender,性别,9933,人生目标是做家庭主妇很丢人吗,看我签名，目前最大的梦想就是做一名家庭主妇。,0,1,1,家庭主妇,train
gender,性别,10388,婚姻给了你什么样的勇气去当家庭主妇？,是什么给了勇气？ 当今社会，意识开放，言论自由，婚姻也不再是父母之命媒妁之言。,1,2,1,家庭主妇,train
gender,性别,13233,为什么男性的身体（贞操）不如女性的身体（贞操）珍贵？,人都是平等的，没有谁比谁更高贵,1,2,1,歧视男性,train
gender,性别,8542,有什么辨别les的方法吗？,我来了！ 怎么说呢，我觉得不管是t还是p，她们在生活中更会照顾身边的女孩子，也更细心。,0,1,1,女同性恋,train
gender,性别,8905,三孩政策会使女性在职场中遭遇更多歧视和压力吗？应该怎样的应对？,不会，因为二孩政策已经做到了，无需三孩政策。,1,2,1,女性职业,train
gender,性别,7616,要求20多岁的女生贤惠，现实吗？,不会呀，我倒觉得贤惠是夸女孩子一个很好的词。,0,2,1,反感贤惠,train
gender,性别,13220,为什么男性的身体（贞操）不如女性的身体（贞操）珍贵？,谁说处男不高贵了？ 高贵冷艳的死宅只喜欢二次元啦~（#滑稽）,1,2,1,歧视男性,train
gender,性别,7135,为什么被称“贤惠”会很气愤？,为什么我女朋友给我煮了饭，夸我女朋友贤惠煮饭又好吃她不会生气？,0,1,1,反感贤惠,train
gender,性别,9483,怕因生孩子而耽误事业的女性，她们的事业有多好？,因为照顾孩子而放弃职业发展的女性，她们的小孩是有多出息？,1,2,1,女性职业,train
gender,性别,7835,女同性恋如何做到 30 岁以后的生活不可悲？,有什么可悲的呢？ 只要两个人经济和人格独立，相爱就不可悲。,1,2,1,同性恋,train
gender,性别,7980,女同性恋如何做到 30 岁以后的生活不可悲？,我觉得自己不可悲，虽然别人这么觉得。,1,2,1,同性恋,train
gender,性别,7039,为什么被称“贤惠”会很气愤？,小时候觉得“贤惠”这词很温婉，很美好。,0,2,1,反感贤惠,train
gender,性别,7063,为什么被称“贤惠”会很气愤？,我能说我真的很佩服那些贤惠的女人吗？,0,2,1,反感贤惠,train
gender,性别,7307,为什么被称“贤惠”会很气愤？,我老公说我觉得挺开心。,1,2,1,反感贤惠,train
gender,性别,10637,想知道以男性视角，家里有位全职太太（家庭主妇）是种什么感受？,她在家劳动，我在公司劳动，我们俩共同撑起这个家。,1,2,1,家庭主妇,train
gender,性别,6986,为什么有些女生会反感「贤惠」这个词？,完全没有的，我女朋友就很贤惠，贤惠是只有有耐心细心传统善良等等优点聚于一身的。,0,2,1,反感贤惠,train
gender,性别,9312,关于软件测试工程师所应该具备的能力，就业前景还有适合女生从事吗？,作为一个准大三计算机专业的女生，学测试非常适合！,1,1,1,女性职业,train
gender,性别,7138,为什么被称“贤惠”会很气愤？,咦，我怎么觉得贤惠这个词很好，一种雍容大气，通达聪慧，温柔娴雅，明快阳光的形象。,0,2,1,反感贤惠,train
gender,性别,10481,想知道以男性视角，家里有位全职太太（家庭主妇）是种什么感受？,我一直想当一个家庭主妇，就是因为我喜欢我的家庭关系。,0,1,1,家庭主妇,train
gender,性别,9863,为什么有的人（比如部分 PhD 等高学历者）会对家庭主妇有不屑的情绪？,家庭主妇也是一个专业性很强的职业。,0,1,1,家庭主妇,train
gender,性别,7161,为什么被称“贤惠”会很气愤？,我就很贤惠。 一旦选定一个人，就不惮付出牺牲奉献，不计得失，全情投入。,1,2,1,反感贤惠,train
gender,性别,7386,如何看待女生不满「男生喜欢温柔贤惠一点的暖妹子」？,这没什么啊。 因为贤惠确实是褒义词。,0,2,1,反感贤惠,train
race,种族文化,22066,为什么黑人的外貌不符合大部分中国人的审美？,如果多看看《星际迷航》，那么你就会觉得黑人其实还是看着挺顺眼的。,1,1,1,黑人,train
race,种族文化,22093,为什么黑人的外貌不符合大部分中国人的审美？,其实我觉得佳人蓓尔的女主挺好看的,1,2,1,黑人,train
race,种族文化,19640,你们觉得亚裔在美国是处在种族歧视中的最底层吗？,都在瞎扯哦，亚裔尤其是华人什么时候地位低过。,0,1,1,种族歧视,train
race,种族文化,17864,日本人是怎么看待中国人的？,中年往上，有一定层次的日本人中，有不少人因为工作或者当时中日蜜月期等各种原因，对中国是抱有兴趣和较深的理解。,0,2,1,日本人,train
race,少数民族,6023,有一个蒙古族男朋友是什么体验？,谢邀～。 我男朋友（很快变成先生）是蒙古族，他气质沉稳，又有一些书卷气，虽看起来严肃但对我很温柔，甚至到搞笑。,1,1,1,蒙古族人,train
race,种族文化,17492,为什么都说日本社会很压抑？变态多是真的吗？日本人好相处吗？日本人都很排外吗？,我觉得不是这样，我去日本旅游时，对日本印象非常好。,0,1,1,日本人,train
race,种族文化,22212,为什么黑人的外貌不符合大部分中国人的审美？,来美国看多之后越看越顺眼，感觉有些还是不错的。,1,1,1,黑人,train
race,种族文化,22123,为什么黑人的外貌不符合大部分中国人的审美？,在美国见到的黑人女性平均颜值高于白人女性。,1,1,1,黑人,train
race,种族文化,19542,你们觉得亚裔在美国是处在种族歧视中的最底层吗？,印第安原住民的政治地位和影响是低，甚至可能是最低，但人家部落还真的挺有钱的。,0,2,1,种族歧视,train
race,少数民族,5155,你有被人地域歧视的经历吗？,我时常被“反地域歧视…,1,1,1,壮族人,train
race,种族文化,17438,为什么都说日本社会很压抑？变态多是真的吗？日本人好相处吗？日本人都很排外吗？,念书的时候认识几个日本人，大部分都觉得很礼貌，那种职业化的礼貌，感觉即使他内心非常讨厌你但面上还是会微笑。,0,1,1,日本人,train
race,种族文化,20998,白人女性是不是很美，为什么?,不邀自来。 我只觉得东亚女性美，颜值世界第一。,1,1,1,肤色,train
race,种族文化,23427,日韩人民是否歧视黑人或有偏见？,不用提日韩。 哪怕是在中国。,1,1,1,黑人,train
race,种族文化,15655,在歧视亚裔或华人问题上，是欧洲严重还是美国严重，各有什么特点？,德国留学，地点在前西德地区，从来没有碰到过歧视，反而是对我这个华人非常好，非常感兴趣，很多事情都特别照顾我。,1,2,1,亚裔歧视,train
race,种族文化,19718,你们觉得亚裔在美国是处在种族歧视中的最底层吗？,没感觉，我觉得美国人都很好讲话，彬彬有礼，当然人家心里怎么想我不知道，但表面上是真让人舒服。,1,1,1,美国人/种族歧视,train
race,种族文化,17226,为什么印度人在硅谷如日中天，华人却很难混入高层？,一部分原因是：情商高，会管理，会发言这些软实力在我们这一代的文化里比较不被看重吧。,1,2,1,印度人,train
race,种族文化,20136,中国人喜欢白皮肤是否是民族自信不足的表现（骂之前建议看看问题阐述）?,中国人喜欢白与自信心无关。,1,2,1,肤色,train
race,种族文化,20137,中国人喜欢白皮肤是否是民族自信不足的表现（骂之前建议看看问题阐述）?,↓古人就喜欢涂脂抹粉，什么叫民族不自信？,1,2,1,肤色,train
race,种族文化,20995,白人女性是不是很美，为什么?,其实从某种意义上来说，全世界女性都很美。,0,1,1,肤色,train
race,种族文化,22131,为什么黑人的外貌不符合大部分中国人的审美？,惠特尼休斯顿长得就挺好看。,1,1,1,黑人,train
race,种族文化,20287,中国人喜欢白皮肤是否是民族自信不足的表现（骂之前建议看看问题阐述）?,别什么都扯到民族自信上，中国古代不知道白种人存在的时候也喜欢皮肤白的，那也是民族自信不足吗？,1,2,1,肤色,train
race,种族文化,24140,美国只有「黑命贵」，没有「印第安命贵」吗？为什么？,才不是好吗？ 印第安人才是命最贵的。,1,1,1,黑人,train
race,种族文化,19876,现今中国人的种族歧视严重吗？,不严重。 甚至可以说几乎没有种族歧视。,1,2,1,种族歧视,train
race,种族文化,20151,中国人喜欢白皮肤是否是民族自信不足的表现（骂之前建议看看问题阐述）?,这个你就放心吧，不是不自信。,1,1,1,肤色,train
race,种族文化,17224,为什么印度人在硅谷如日中天，华人却很难混入高层？,华人中有相当一部分，有这个能力以及抱负的人。,0,1,1,印度人/华人,train
race,少数民族,6078,蒙古国女人好看吗？,审美因人而异，我也觉得蒙古国女人挺好看的，美女很多，可能我也比较喜欢这种长相吧，蒙古女人最有特点的其实是颧骨。,0,1,1,蒙古族人,train
race,种族文化,17555,为什么都说日本社会很压抑？变态多是真的吗？日本人好相处吗？日本人都很排外吗？,目前工作的地方，年轻男生比较多，感觉都还蛮开朗的。,1,1,1,日本人,train
race,种族文化,21511,为什么国人普遍接受不了中国女孩和非洲男孩在一起?,不不不，国人普遍接受。,1,2,1,黑人,train
race,种族文化,17618,你身边的日本朋友都是怎样的人？,小编在美国留学有两个日本女性朋友，一个是基督徒，人非常nice可爱，喜欢Kpop文化；另一个女孩也很热情活泼。,1,1,1,日本人,train
race,种族文化,18010,日本人是怎么看待中国人的？,我语言学校的老师甲不止一次问我们为什么我们整天说中国是发展中国家，他觉得中国已经算发达国家了。,1,1,1,日本人,train
race,种族文化,17774,南京人怎么看待日本以及日本人？,很温暖的一个视频，历史不能忘却，但包容与友善才让这个世界更加美好，视频里的日本妈妈很可爱，很真实。,0,1,1,日本人,train
race,种族文化,20304,中国人喜欢白皮肤是否是民族自信不足的表现（骂之前建议看看问题阐述）?,因为中国人本来就白啊，你以为欧美鬼佬叫我们黄种人我们就真是黄种人呢。,1,2,1,肤色,train
race,种族文化,17836,日本人是怎么看待中国人的？,据我观察，日本人是相当自信的！,0,1,1,日本人,train
race,种族文化,22180,为什么黑人的外貌不符合大部分中国人的审美？,我倒是觉得他们的长相都挺精致的，黑黑的皮肤，精致的面容五官。,1,1,1,黑人,train
race,种族文化,23574,现今中国人的种族歧视严重吗？,一点都不。 中国人并没有真正意义上的种族歧视。,0,2,1,黑人,train
race,种族文化,20121,中国人喜欢白皮肤是否是民族自信不足的表现（骂之前建议看看问题阐述）?,中国人喜欢的白，指的是皮肤光滑发亮的那种白。,0,2,1,肤色,train
race,种族文化,19678,你们觉得亚裔在美国是处在种族歧视中的最底层吗？,完全不是。 亚裔只是不喜欢发声而已。,1,2,1,种族歧视,train
race,种族文化,22202,为什么黑人的外貌不符合大部分中国人的审美？,事实上，我个人觉得黑人别具魅力，在审美范围之内啊。,0,1,1,黑人,train
race,种族文化,21137,为什么中国有这么多人厌恶韩国人？,我男朋友和他韩国老师这几年一直都和睦相处，相安无事。,0,1,1,韩国,train
race,种族文化,18975,为什么一些人觉得白人比黑人好看？这种审美观的形成与潜在种族歧视有关吗？,我一个非洲女性好友觉得美国的黑人男人比非洲男人帅多了。,0,1,1,种族歧视/黑人,train
race,少数民族,5852,作为一名蒙古族，不会说蒙语是什么感受？,我自己和身边的蒙古族朋友百分之八十都是听说读写都会的。,1,2,1,蒙古族人,train
race,少数民族,5463,和壮族人交流有哪些忌讳？,没啥忌讳，我们壮族人很是热情好客。,0,1,1,壮族人,train
race,种族文化,21147,为什么中国有这么多人厌恶韩国人？,1. 目前厌恶韩国的中国人还不算特别多。,0,1,1,韩国,train
race,种族文化,20851,如何看待外国人因中国人以白为美而认为中国种族歧视？,中国人自己都很少把美白和种族联系上，只是单纯的觉得好看而已。,1,2,1,肤色,train
race,种族文化,18208,日本人知道自己被称为「日本鬼子」「鬼子」「小日本」吗？,知道。 在日本上学的时候，一个中老年男性老师，我们都认为他非常有意思，因为他喜欢在上厕所的时候和我们说话。,0,1,1,日本人,train
race,种族文化,21269,为什么中国有这么多人厌恶韩国人？,我曾经挺喜欢韩国明星的，因为韩国明星所以也特别喜欢韩国，为此还专门学过韩语。,0,1,1,韩国,train
race,少数民族,5466,和壮族人交流有哪些忌讳？,空手来，满手回。 壮族很好客，很热情，而且汉化严重。,1,2,1,壮族人,train
race,种族文化,16530,如何看待美国两个月报告 503 起仇恨亚裔事件？出现这种情况的原因可能是什么？,这说明美国亚裔的地位提高了。,1,1,1,亚裔歧视,train
race,种族文化,22884,如何看待美国黑人男子在上海商场疯狂辱骂中国人二十多分钟？,小时候有个电视连续剧叫做《嫁到非洲》，里面把黑人描述的勤劳诚实又善良，当时觉得黑人大部分都应该是这样吧。,1,2,1,黑人,train
race,种族文化,23547,现今中国人的种族歧视严重吗？,中国人其实种族歧视并不严重。,1,2,1,黑人,train
race,种族文化,18322,日本人知道自己被称为「日本鬼子」「鬼子」「小日本」吗？,我对日本人的好感大于反感，我所处的家庭父母关系不好，小时候很少有温暖的感觉，自从看了教育电视台放的那部《通向婚纱之路》。,0,1,1,日本人,train
race,种族文化,15617,在歧视亚裔或华人问题上，是欧洲严重还是美国严重，各有什么特点？,我本身生活在德国，在工作中我没有感受到来自同事哪怕是一点点得歧视。,0,2,1,亚裔歧视,train
race,种族文化,21048,白人女性是不是很美，为什么?,是？ 眼睛大、睫毛长，鼻子尖，瓜子脸多，少数鹅蛋脸，脸小头圆。,1,1,1,肤色,train
race,少数民族,5595,我国最文明最先进的民族是白族？,老师当年告诉我们，白族人素质高，教育水平高，然后我们高考不加分，至今无法理解。,1,2,1,白族人,train
race,种族文化,19497,你们觉得亚裔在美国是处在种族歧视中的最底层吗？,感觉没有什么歧视链，也没有什么最底层。,0,2,1,种族歧视,train
race,种族文化,21993,为什么黑人的外貌不符合大部分中国人的审美？,我觉得埃塞俄比亚人不少还蛮漂亮的，可能我是假的中国人吧？,0,1,1,黑人,train
race,种族文化,19900,现今中国人的种族歧视严重吗？,坚决反对中国种族歧视严重这一观点。,1,2,1,种族歧视,train
race,种族文化,17445,为什么都说日本社会很压抑？变态多是真的吗？日本人好相处吗？日本人都很排外吗？,总的说来，日本民族是一个文雅的民族。,1,1,1,日本人,train
race,种族文化,17739,南京人怎么看待日本以及日本人？,日本人怎么了？ 日本人民也有帮助中国抗战。,1,1,1,日本人,train
race,种族文化,15198,亚裔在美国地位这么低，为什么警察致死的案件比黑裔少得多？,亚裔在美国的地位根本不低。,0,2,1,亚裔歧视,train
race,种族文化,21046,白人女性是不是很美，为什么?,白人女孩有特别惊艳的感觉，而中国女孩有温婉含蓄的美。,1,2,1,肤色,train
race,种族文化,19603,你们觉得亚裔在美国是处在种族歧视中的最底层吗？,明显不是，乖孩子虽然容易受欺负，但肯定不是最被看不起的。,1,2,1,种族歧视,train
race,种族文化,20536,为什么肤白会成为美女标准？,①肤白人群中更耀眼，一眼注意到。,0,2,1,肤色,train
race,种族文化,15106,亚裔在美国地位这么低，为什么警察致死的案件比黑裔少得多？,亚裔政治地位低，经济地位可不低啊…,1,2,1,亚裔歧视,train
race,少数民族,5657,维族同胞的体味是遗传的还是后天饮食习惯造成的？,不是? 这个跟民族有什么关系？,1,2,1,维吾尔族人,train
race,种族文化,17598,你身边的日本朋友都是怎样的人？,不好意思，没有，回答不上，不过苍老师人是真的好。,1,1,1,日本人,train
race,种族文化,15123,亚裔在美国地位这么低，为什么警察致死的案件比黑裔少得多？,其实我觉得华人地位不低，只是有些人在和我们说华人低，比黑人低，我不觉得他们比黑人低。,1,2,1,亚裔歧视,train
race,种族文化,21135,为什么中国有这么多人厌恶韩国人？,我没去过韩国的时候，对韩国人印象非常好。,0,1,1,韩国,train
race,少数民族,5090,回族姑娘怎么样？,受限于我有限生活区域和有限的经历，认识的几个回族姑娘，都挺漂亮的…,1,1,1,回族人,train
race,种族文化,20063,现今中国人的种族歧视严重吗？,不严重，我是高素质的人从来不搞歧视的。,0,2,1,种族歧视,train
race,种族文化,22430,如何看待美国教授因说中文「内个」，被称冒犯黑人而遭到停课处分？,实名反对所有回答，我支持美国黑人！,1,1,1,黑人,train
race,种族文化,19840,现今中国人的种族歧视严重吗？,作为一个生活在中国的白人女孩，我不认为中国人对我有种族歧视。,0,2,1,种族歧视,train
race,种族文化,18952,为什么一些人觉得白人比黑人好看？这种审美观的形成与潜在种族歧视有关吗？,那是没见过好看的黑人。,1,1,1,种族歧视,train
race,种族文化,17989,日本人是怎么看待中国人的？,我个人（不代表所有日本人）觉得中国人有一种我非常喜欢的一点就是中国人很有人情味，这个跟日本人很不一样。,0,2,1,日本人,train
race,少数民族,6083,蒙古国女人好看吗？,就是好看！ 长相真的是很好看啦。,1,1,1,蒙古族人,train
race,种族文化,18958,为什么一些人觉得白人比黑人好看？这种审美观的形成与潜在种族歧视有关吗？,前段时间还看见过一个黑人，但是他给我的印象就是超级可爱还想偷拍来着不过没偷拍成，哈哈。,0,1,1,黑人,train
race,少数民族,6115,蒙古族人和汉族人会拥有爱情吗？,真正的爱情是跨越种族跨越年龄跨越一切阻碍的，蒙古人汉族人都是人啊，有的人还跨国联姻呢！,1,2,1,蒙古族人,train
race,少数民族,5675,请问维吾尔族男孩子的性格一般是怎样的呢？,我的学生都是维族，男孩子外向的占多数，情商超高。,0,1,1,维吾尔族人,train
race,种族文化,19099,为什么在中国不会出现明显的种族歧视，而会出现较严重的地域偏见？,中国这么明显的逆向种族歧视无视了是吗？,1,2,1,种族歧视,train
race,种族文化,19602,你们觉得亚裔在美国是处在种族歧视中的最底层吗？,在美国不是，没感受到歧视。,1,1,1,种族歧视,train
race,种族文化,20026,现今中国人的种族歧视严重吗？,我觉得中国人挺包容的，尤其普通老百姓，我觉得蛮善良的。,1,2,1,种族歧视,train
race,种族文化,15156,亚裔在美国地位这么低，为什么警察致死的案件比黑裔少得多？,亚裔在美国的地位并不低吧？,0,2,1,亚裔歧视,train
race,种族文化,17597,你身边的日本朋友都是怎样的人？,日本邻居请我去餐厅吃了顿饭。,1,1,1,日本人,train
race,种族文化,19675,你们觉得亚裔在美国是处在种族歧视中的最底层吗？,美国其实还好，拿我上次的旅游视野看确实还好。,1,2,1,种族歧视,train
race,少数民族,5461,和壮族人交流有哪些忌讳？,从未把认识的壮族人当作另外一个民族去刻意区别，在我眼里，壮族人都是自己人啊。,1,1,1,壮族人,train
race,种族文化,20326,中国人喜欢白皮肤是否是民族自信不足的表现（骂之前建议看看问题阐述）?,不是不自信，而是确实好看，当然人脸就算了，我比较喜欢亚洲人脸，外国人脸也就立体点。,1,2,1,肤色,train
race,种族文化,16170,如何看待杨安泽带妻儿外出购物被美国人歧视，发文称「作为亚裔感到羞耻」？,深深赞同很多高赞回答，我不希望我的娃作为亚裔感到羞耻，我希望他作为一个中国人感到自豪！,0,1,1,亚裔歧视,train
race,种族文化,20265,中国人喜欢白皮肤是否是民族自信不足的表现（骂之前建议看看问题阐述）?,不是！ 在中国古代，中国人瞧不起所有蛮夷的时代，那时候中国人的民族自信爆满！,1,2,1,肤色,train
race,种族文化,23624,现今中国人的种族歧视严重吗？,以前住的小区附近很多学校，有很多留学生，可以说白人留学生的素质还是比较高的。,0,1,1,黑人/白人,train
race,少数民族,5306,你有被人地域歧视的经历吗？,其实不是歧视啦… 你是哪儿人啊？,1,1,1,壮族人,train
race,少数民族,6111,蒙古族人和汉族人会拥有爱情吗？,开什么玩笑？ 蒙古族和汉族之间的夫妻有爱情的几率，只会比汉族与汉族之间还要大。,1,1,1,蒙古族人,train
race,少数民族,5604,请问你身边的白族人给你的印象怎样？,大学遇到的白族姑娘，快十年了，没忘掉,1,1,1,白族人,train
race,种族文化,19941,现今中国人的种族歧视严重吗？,我觉得不严重啊，你看巴基斯坦人在中国都能找到妹子,0,2,1,种族歧视,train
race,种族文化,15864,如何看待一些华裔外国人认为自己只是亚裔而不是华裔？,很好啊，如果这些人原本就不是完全的中国人那么他们不要认“中国人”这个身份就是很好啊。,0,2,1,亚裔歧视,train
race,少数民族,5114,回族姑娘怎么样？,只是以前上初三的时候有一个女同学是回族的，人长的特别漂亮特别白，眼睛特别大，眼睫毛长的不得了，学习也特别好，人很乐观。,0,1,1,回族人,train
race,种族文化,19910,现今中国人的种族歧视严重吗？,不严重。 我们国家自古是一个多民族国家，发展至今，民族融合度已经非常好。,1,2,1,种族歧视,train
race,种族文化,21191,为什么中国有这么多人厌恶韩国人？,我不得不赞赏我们的台湾同胞在这方面比我们做得更好，也更加正确和有力。,0,1,1,韩国,train
race,种族文化,18345,日本人知道自己被称为「日本鬼子」「鬼子」「小日本」吗？,我跟我朋友去日本旅游中认识的一位日本司机，他几乎陪伴了我们整个旅途，司机师傅为人尽心尽责。,0,1,1,日本人,train
race,种族文化,20135,中国人喜欢白皮肤是否是民族自信不足的表现（骂之前建议看看问题阐述）?,这个真不是。 读书的时候看到罗敷夸奖她的老公，为人洁白皙，鬑鬑颇有须，印象深刻。,0,2,1,肤色,train
race,种族文化,19866,现今中国人的种族歧视严重吗？,基本没有，除了对黑人白人少见多怪。,0,2,1,种族歧视,train
race,种族文化,16214,如何看待杨安泽带妻儿外出购物被美国人歧视，发文称「作为亚裔感到羞耻」？,亚裔？ 你为什么不说作为地球人感到羞耻？,1,2,1,亚裔歧视,train
race,种族文化,22153,为什么黑人的外貌不符合大部分中国人的审美？,埃塞俄比亚的闪米特人很好看。,1,1,1,黑人,train
race,种族文化,21531,为什么国人普遍接受不了中国女孩和非洲男孩在一起?,我觉得挺好啊，中国女孩和非洲男孩在一起，中国足球不就有希望了吗？,0,2,1,黑人,train
race,种族文化,15127,亚裔在美国地位这么低，为什么警察致死的案件比黑裔少得多？,亚裔在美国地位很高的！,1,1,1,亚裔歧视,train
race,种族文化,19951,现今中国人的种族歧视严重吗？,一点都不。 中国人并没有真正意义上的种族歧视。,1,2,1,种族歧视,train
race,种族文化,22637,如何看待美国黑人军官被两名白人警察拦下殴打、喷辣椒水？,军人都是很单纯的，都是为了国家尽忠而生。,0,1,1,军人/黑人,train
race,种族文化,17571,为什么都说日本社会很压抑？变态多是真的吗？日本人好相处吗？日本人都很排外吗？,上个月去过一次日本，总体感觉日本很干净，建筑物古代气息挺多，感触颇深的是日本女的打扮很精致说话都很温柔热情。,0,1,1,日本人,train
race,种族文化,14937,亚裔在美国受到的歧视是否比黑人还严重？为何亚裔能够发展起来，而且亚裔平均收入比其他族裔还高？,受过良好教育的黑人比华人优势肯定是大得多大，甚至比白人还要大。,1,2,1,亚裔歧视,train
race,种族文化,17552,为什么都说日本社会很压抑？变态多是真的吗？日本人好相处吗？日本人都很排外吗？,没有吧，我在大阪生活过一段时间，觉得当地人挺好的，下雨天几个小姐姐抢着要给我送伞hhhhha。,0,1,1,日本人,train
race,种族文化,17804,南京人怎么看待日本以及日本人？,南京人来了。 首先我想说，我个人挺喜欢日本的，日本的朋友也不少。,1,1,1,日本人,train
race,种族文化,19730,你们觉得亚裔在美国是处在种族歧视中的最底层吗？,和知乎的政治正确不太一样，其实不得不承认很多华人混得是很好的，不说别的，你打开福布斯杂志，看看上面亚裔有多少。,0,2,1,种族歧视,train
race,种族文化,17339,为什么现实里面日本人说话很委婉，甚至觉得中国人普通交流都像骂人？,也不算委婉吧，虽然我对日本的印象来源于二次元，但也云学会了：八嘎【笨蛋，白痴，智障】太没【你小子】咳嗽【艹，他妈的。,1,1,1,日本人,train
race,种族文化,23628,现今中国人的种族歧视严重吗？,种族歧视我根据身边的真人真事认为不是很严重，中国人对于包容外国人做的非常好。,0,2,1,黑人,train
race,种族文化,15149,亚裔在美国地位这么低，为什么警察致死的案件比黑裔少得多？,因为亚裔地位不低，并且黑人地位也不低。,1,2,1,亚裔歧视,train
race,种族文化,17274,为什么印度人在硅谷如日中天，华人却很难混入高层？,因为你看到的这些如日中天的印度人，比绝大多数华人更勤奋聪明。,0,1,1,印度人,train
race,少数民族,5603,请问你身边的白族人给你的印象怎样？,我觉得白族人都挺热情的。,0,1,1,白族人,train
race,种族文化,18508,日本人能大致看懂中文吗？,日本人其实很喜欢学习，我认识的日本人中很多都会说中文，而且说的是非常非常好的，如果没有学过的话。,0,1,1,日本人,train
race,种族文化,20563,为什么肤白会成为美女标准？,我一点都不觉得图中肤色最暗的女性颜值上逊色于其他四人。,0,2,1,肤色,train
race,种族文化,23649,现今中国人的种族歧视严重吗？,我觉得中国人挺包容的，尤其普通老百姓，我觉得蛮善良的。,1,2,1,黑人,train
race,种族文化,15019,亚裔在美国地位这么低，为什么警察致死的案件比黑裔少得多？,那就说明亚裔在美国地位不低。,1,1,1,亚裔歧视,train
race,种族文化,14956,亚裔在美国地位这么低，为什么警察致死的案件比黑裔少得多？,一：亚裔在美帝的地位并不低。,1,2,1,亚裔歧视,train
race,种族文化,17758,南京人怎么看待日本以及日本人？,我身为土生土长的南京人，我很喜欢日本的动漫，日本的衣服，身边也有一些人去日本上学。,0,1,1,日本人/日本,train
race,种族文化,19528,你们觉得亚裔在美国是处在种族歧视中的最底层吗？,在美亚裔不是物质上的底层是肯定的。,0,2,1,种族歧视,train
race,种族文化,19578,你们觉得亚裔在美国是处在种族歧视中的最底层吗？,身在美国加州. ，并未感到歧视。,1,2,1,种族歧视,train
race,少数民族,5586,中国其他民族怎么评价白族(谢谢)?,其他了解的少，姑娘很美。,1,1,1,白族人,train
race,少数民族,5479,和壮族人交流有哪些忌讳？,不能提人造民族吧。 利益相关，我爱壮族。,0,1,1,壮族人,train
race,种族文化,15199,亚裔在美国地位这么低，为什么警察致死的案件比黑裔少得多？,看了半天回答，我也觉得亚裔群体在美国的地位不算低吧，至少经济地位不低，甚至因为长相偏稚嫩，给人以亲和力等原因。,0,2,1,亚裔歧视,train
race,种族文化,22599,如何看待美国黑人军官被两名白人警察拦下殴打、喷辣椒水？,美国人不但民主自由，而且还没有特权，互相尊重，执法严明。,1,1,1,黑人,train
region,地域,4914,大家对潮汕人的印象是什么？,印象中潮汕妹纸的颜值在广东算比较高的，下班时间去桂花岗火车站十三行蹲一下就知道了。,0,1,1,潮汕人,train
region,地域,1020,作为一个沪漂，哪一瞬间被上海人震惊到了？,上海人讲普通话可以完全没有口音。,0,1,1,上海人,train
region,地域,1322,和上海人一起工作要注意什么？,上海人素质很好，从不排外。,0,1,1,上海人,train
region,地域,1486,我想知道你们对上海人的评价是怎样的？,有豪爽的上海男人，喝酒痛快酒量贼好！,0,1,1,上海人,train
region,地域,4893,大家对潮汕人的印象是什么？,在广东，我以我是潮汕人为荣。,0,1,1,潮汕人,train
region,地域,2313,怎么看待东北人？,其实觉得东北很多好人，接触过的都挺好，也有可能是大学，高考选拔的层次比较高，所以大家的基本素养都比较高。,0,1,1,东北人,train
region,地域,2407,最近知乎/微博上有很多人在不断的控诉东北的社会现象和东北人，对此你怎么看？,我个人很喜欢东北这块地和东北这块地的东北人。,0,1,1,东北人/东北,train
region,地域,1867,东北人怎么看待东北？,是家。 是亲切的口音，是热情的老乡。,1,1,1,东北人,train
region,地域,404,上海的地域歧视有多严重？,上海是全中国最包容的城市没有之一。,0,1,1,上海人,train
region,地域,846,作为一个沪漂，哪一瞬间被上海人震惊到了？,应该是行车文明吧。 车让人、交替通行，做得真是好啊！,1,1,1,上海人,train
region,地域,362,上海的地域歧视有多严重？,谁说的，上海是一座开放包容的城市，人们都很热情，我一个来自美国的五十岁老白处男现身说法，来上海后。,0,1,1,上海人,train
region,地域,5033,潮汕人给你的感觉是什么样子的？,1、学习很努力，经常自己就主动去学习。,1,1,1,潮汕人,train
region,地域,230,上海人真的都比较有钱吗？,上海人真的比较有钱，历史的机遇让城市发展，城市的发展红火了房地产！,0,1,1,上海人,train
region,地域,3864,外省人怎么看待浙江人?,1. 有钱，做生意的多，有经商头脑。,1,1,1,浙江人,train
region,地域,3265,为什么最近一年河南人的口碑突然变好了？,我遇到的河南人确实都不错，勤劳，诚信，还心灵手巧。,0,1,1,河南人,train
region,地域,4428,浙江对中西部省份的歧视为什么那么严重？,浙江对中西部地区有招生优惠的。,1,2,1,浙江人,train
region,地域,4371,浙江会在不久未来下落到第二梯队吗？,从这次疫情的表现大家心里应该已经对浙江有数了，我们大浙江就是牛呀！,0,1,1,浙江人,train
region,地域,4611,浙江的地域歧视严重吗？,不算很严重（我觉得浙江人还是很好的）。,0,1,1,浙江人,train
region,地域,1073,你眼中的上海人是什么样的？,上海人真的很会聊天，社交小达人大概说的就是上海人。,0,1,1,上海人,train
region,地域,5056,潮汕人给你的感觉是什么样子的？,潮汕人吗？ 我的妈妈是一名潮汕人，虽然我也不太了解，但是很多潮汕人，给我第一，感觉都是团结有钱。,0,1,1,潮汕人,train
region,地域,1665,东北人怎么看待东北？,闲适，安逸，舒服，自在，亲切，热情，富有生活气息。,1,1,1,东北人,train
region,地域,1528,东北人在南方好混吗？,东北人在江浙沪北广深的一般都是精英人才。,0,1,1,东北人,train
region,地域,3372,为什么最近一年河南人的口碑突然变好了？,百闻不如一见，亲身去河南玩了一趟，先去洛阳，整个城市环境还是人的素质很高，问路也很友好，然后去的登封，住的青旅。,0,1,1,河南人,train
region,地域,5045,潮汕人给你的感觉是什么样子的？,潮汕小姐姐是真的很温柔，好稀罕。,0,1,1,潮汕人,train
region,地域,1624,东北人怎么看待东北？,教育方面：受教育率全国前五，是三个省全部都在全国前五哦～我老家东北某省某农村，当地最骄傲的事情不是家里有多少钱。,1,2,1,东北人,train
region,地域,963,作为一个沪漂，哪一瞬间被上海人震惊到了？,不能算是震惊吧，甚至可能和无聊，但是的确这一次的见面和谈话让我从小就觉得上海的老爷爷老奶奶素质和性格都好温柔。,1,1,1,上海人,train
region,地域,2840,大家有亲身经历过地域歧视吗?,我在河南频繁出差半年多，我坚信河南人是地球上最好的一群人！,0,1,1,地域歧视,train
region,地域,1441,我想知道你们对上海人的评价是怎样的？,上海人不光靠自己的奋斗，也沾了非常大的历史的进程的光。,0,1,1,上海人,train
region,地域,3416,为什么最近一年河南人的口碑突然变好了？,我对河南的印象确实比较好，去过郑州，感觉是一座很朴实的城市。,0,1,1,河南人,train
region,地域,1569,东北人在南方好混吗？,室友是南方人。 很好很乐于助人的妹子。,0,1,1,东北人,train
region,地域,5010,潮汕人给你的感觉是什么样子的？,潮汕人给我的感觉是长得好看！,0,1,1,潮汕人,train
region,地域,3132,如何看待地域歧视或地域偏见？,我本来好喜欢南京这个城市，觉得他人文环境，经济发展等等都很棒。,0,1,1,地域歧视,train
region,地域,1057,你眼中的上海人是什么样的？,上海人其实绝大部分都很老实。,0,1,1,上海人,train
region,地域,1351,和上海人一起工作要注意什么？,我是在学校工作的上海本地土妞，同事上海和外地基本对半开，有听不懂上海话的同事在场大家都讲普通话。,1,2,1,上海人,train
region,地域,3225,为什么最近一年河南人的口碑突然变好了？,我觉得河南人挺好，我见过的北方妹子大部分比湖南非长沙本地妹子素质更高，也更有道德。,0,1,1,河南人,train
region,地域,1854,东北人怎么看待东北？,去过很多城市旅游，还是觉得东北最舒服，我也一直以我是东北人而自豪。,0,1,1,东北人,train
region,地域,3875,外省人怎么看待浙江人?,本人内蒙呼伦贝尔的，家安在了宁波，认识的浙江人都很勤劳肯干肯吃苦，而且很低调可能从穿着上不太能判断出来家里条件如何。,0,1,1,浙江人,train
region,地域,2505,最近知乎/微博上有很多人在不断的控诉东北的社会现象和东北人，对此你怎么看？,记得小时候看小品都是东北腔，印象中的东北人豪爽义气，不拘小节，从小就对东北人有种好感觉得他们北方汉子幽默有男人味。,0,1,1,东北人,train
region,地域,2382,怎么看待东北人？,我觉得东北人挺好的啊，感觉很善良啊，贼拉喜欢东北人，想去东北上学，可惜太太太太太太太太太太远了，对东北人贼好感哈哈。,0,1,1,东北人,train
region,地域,1904,东北人脾气真的有那么暴躁吗？,谢邀。 不是东北人的脾气暴躁。,1,1,1,东北人,train
region,地域,3852,外省人怎么看待浙江人?,有个同学是浙江人，人挺好。,0,1,1,浙江人,train
region,地域,879,作为一个沪漂，哪一瞬间被上海人震惊到了？,来沪第八年，个人感觉上海是一个相对公平公正且办事效率较高的地方。,0,1,1,上海人,train
region,地域,3889,外省人怎么看待浙江人?,1、浙江人非常的自信。,0,1,1,浙江人,train
region,地域,2347,怎么看待东北人？,就事论事，我南方人在东北读大学，接触到大部分本地人都很好的。,0,1,1,东北人,train
region,地域,3851,外省人怎么看待浙江人?,江苏人答，浙江人给人最大的特点是商业头脑，胆子极大，全国都有浙江商会，属实厉害，佩服佩服。,0,1,1,浙江人,train
region,地域,4594,浙江的地域歧视严重吗？,感觉浙江人还是蛮团结的，感觉整个浙江都很棒，所以对内一般没什么歧视吧？,0,1,1,浙江人,train
region,地域,1808,东北人怎么看待东北？,吃的是真好吃。 锅包肉，烧烤，羊肉，米饭，黄瓜，茄子…,1,1,1,东北人/东北,train
region,地域,2340,怎么看待东北人？,【东北人】我对东北人颇有好感，不仅东北饭好吃，而且我认识的东北人整体比较靠谱，比我家乡的靠谱一些。,0,1,1,东北人,train
region,地域,4192,浙江会在不久未来下落到第二梯队吗？,一定不会！ 就这次疫情，浙江就值得第一梯队的表现！,1,1,1,浙江人/浙江,train
region,地域,1502,我想知道你们对上海人的评价是怎样的？,我喜欢上海，这里对年轻人真的很包容，天南海北的朋友都碰得到，各种小众文化在这里都不是小众。,0,1,1,上海人,train
region,地域,1447,我想知道你们对上海人的评价是怎样的？,在上海读大学读了四年，感觉年轻人整体素质高一些，穿着打扮也比较时尚。,0,1,1,上海人,train
region,地域,2300,怎么看待东北人？,本人亲身经历。 以前特别喜欢东北那个地方，高中班主任老公是东北人，豪爽幽默有趣，带着我们班学生都东北都挺向往。,1,1,1,东北人,train
region,地域,4096,浙江会在不久未来下落到第二梯队吗？,作为土生土长的杭州人，我从小对这个城市的印象就是从容淡定。,0,1,1,浙江人,train
region,地域,1321,和上海人一起工作要注意什么？,在中国职场，尤其外企，上海俨然已成实际上的商业首都。,0,1,1,上海人,train
region,地域,2700,网上各种黑东北，怎样和东北人相处？,2001年，东北人都是活雷锋;。,0,1,1,东北人,train
region,地域,5069,潮汕人给你的感觉是什么样子的？,潮汕女孩子非常漂亮，皮肤白皙，气质温婉。,0,1,1,潮汕人,train
region,地域,592,上海的地域歧视有多严重？,地域歧视不严重。 本人上海人，工作在科技公司，同事8成都是外地来的，互相没有任何歧视。,0,2,1,上海人,train
region,地域,4275,浙江会在不久未来下落到第二梯队吗？,看了回答，越发感觉浙江真好，这个问题已经成为了同乡聊天室，以及对隔壁市“传言”“听闻”的考证会了。,0,1,1,浙江人,train
region,地域,1870,东北人怎么看待东北？,东北人很可爱呀！ 憨憨么，实在呗。,0,1,1,东北人,train
region,地域,4188,浙江会在不久未来下落到第二梯队吗？,个人感觉，短期内至少不会，勤劳，致富；还有至小而大隐隐有一种身为浙江人的自豪感，为家乡做贡献！,0,1,1,浙江人,train
region,地域,1530,东北人在南方好混吗？,良心做人，专心做事，互相尊重，保持热心肠，咱东北人在哪都不差。,0,1,1,东北人,train
region,地域,1264,和上海人一起工作要注意什么？,我觉得，只要遵守公司大环境和规则（规则肯定都是积极向上的），上海年轻人都会让你们觉得如沐春风，比如每年过年。,0,1,1,上海人,train
region,地域,2121,为什么我周围的绝大多数东北人的家境都比我好，有些甚至好特别多?,1、东北在上世纪发展的真的不错，底子就不会太差，而且地大物博，土地肥沃，同样是种庄稼，但人家收入比你高。,0,1,1,东北人,train
region,地域,1043,作为一个沪漂，哪一瞬间被上海人震惊到了？,非沪漂。 发现上海的叔叔的幽默感与生俱来。,0,1,1,上海人,train
region,地域,4746,坊间都说潮汕人善于经商，是真的吗？有何体现？,潮汕商贾闻名寰宇，屡屡创造商界传奇；潮商领袖灿若繁星，多富可敌国。,0,2,1,潮汕人,train
region,地域,175,上海人真的都比较有钱吗？,上海郊区土著，家里人、亲戚全是上海的，没一个外地的，家里人学历都不错，爷爷那辈的都上过初中，爸爸那辈的都是大专以上。,0,1,1,上海人,train
region,地域,5052,潮汕人给你的感觉是什么样子的？,我就是潮汕人啊我觉得挺好的呀很友好都是自己人！,0,1,1,潮汕人,train
region,地域,3349,为什么最近一年河南人的口碑突然变好了？,因为我认识的河南人都很优秀，很友好。,1,1,1,河南人,train
region,地域,1628,东北人怎么看待东北？,1. 从风气来说，我认为东北是一个相当自由的地区。,0,1,1,东北人,train
region,地域,878,作为一个沪漂，哪一瞬间被上海人震惊到了？,上海人敢于奉献和牺牲。,1,1,1,上海人,train
region,地域,1883,东北人怎么看待东北？,说一个点吧，在东北不会出现你想上学但是没学校的情况。,1,2,1,东北人/东北,train
region,地域,2718,网上各种黑东北，怎样和东北人相处？,我所遇到的东北人都很好。,0,1,1,东北人,train
region,地域,2740,网上各种黑东北，怎样和东北人相处？,正常相处就好，他对你好，你对他好，挺好相处的。,0,1,1,东北人,train
region,地域,4148,浙江会在不久未来下落到第二梯队吗？,一句话：浙江靠的不是资源，靠的是人的脑子。,1,1,1,浙江人,train
region,地域,3307,为什么最近一年河南人的口碑突然变好了？,因为河南人本身就很好，踏踏实实做自己，口碑自然越来越好。,0,1,1,河南人,train
region,地域,4882,大家对潮汕人的印象是什么？,非利益往来，如学生读书时代，感觉潮汕人很好相处，内部道德有秩序。,0,1,1,潮汕人,train
region,地域,3167,为什么最近一年河南人的口碑突然变好了？,河南人本来就很好。 因为郭嘉开始提“文化自信”了。,0,1,1,河南人,train
region,地域,3832,外省人怎么看待浙江人?,有经济头脑，有钱。 曾经看过电视台的某个新闻，至今让我印象深刻。,1,1,1,浙江人,train
region,地域,1405,我想知道你们对上海人的评价是怎样的？,在上海呆了5，6年了，可以说对上海人评价非常高，尤其是年轻一代。,0,1,1,上海人,train
region,地域,3522,河南人为什么被称作中国的吉普赛人？,我只接触过河南林县人和新乡县人，还是很朴实可亲的。,1,1,1,河南人,train
region,地域,1629,东北人怎么看待东北？,没有任何一个地方可以取代东北在我心中的地位，因为这里就是我的家。,0,1,1,东北人,train
region,地域,304,上海人真的都比较有钱吗？,当然不是。 哪里都有富的、中等的和穷的。,1,1,1,上海人,train
region,地域,1286,和上海人一起工作要注意什么？,其实我觉得上海人还是非常好的。,0,1,1,上海人,train
region,地域,5066,潮汕人给你的感觉是什么样子的？,贤惠，勤快，长得好看，有生意头脑，优点数不尽，可惜我是个假的潮汕人。,1,1,1,潮汕人,train
region,地域,3332,为什么最近一年河南人的口碑突然变好了？,1、河南大水期间，河南人各种英雄事迹层出不穷。,0,1,1,河南人,train
region,地域,3423,为什么最近一年河南人的口碑突然变好了？,我认识的十来个河南人里面，非常和善，好客，而且无私。,0,1,1,河南人,train
region,地域,3417,为什么最近一年河南人的口碑突然变好了？,这是什么牛马提问？ 因为河南人本质就不坏，只是一些用不良用意的人在网上，jb带节奏。,0,1,1,河南人,train
region,地域,4993,潮汕人给你的感觉是什么样子的？,我遇到的潮汕男人，大部分都是老板，或老板亲戚，潮汕男人普遍家族都有做生意的，潮汕这个宗族异常团结。,0,1,1,潮汕人,train
region,地域,630,上海的地域歧视有多严重？,来上海5年吧，一直没觉得上海排外，都是在网上看到的，也可能是身边的同事朋友素质都比较高吧。,0,1,1,上海人,train
region,地域,2073,为什么我周围的绝大多数东北人的家境都比我好，有些甚至好特别多?,第一，东北本来就不穷，人均GDP在国内也是上游！,0,1,1,东北人,train
region,地域,810,作为一个沪漂，哪一瞬间被上海人震惊到了？,96年到2000年在上海呆了四年，有很多温情的画面仍然在脑海里出现。,0,1,1,上海人,train
region,地域,1482,我想知道你们对上海人的评价是怎样的？,幽默，直率，大大咧咧，有情趣，just，like，me。,1,1,1,上海人,train
region,地域,2471,最近知乎/微博上有很多人在不断的控诉东北的社会现象和东北人，对此你怎么看？,我对东北没什么意见，本身也是很爱吃面食的南方人，读书期间遇到的东北同学也没有奇葩的，甚至好些妹子还长得挺好看的。,0,2,1,东北人,train
region,地域,5021,潮汕人给你的感觉是什么样子的？,潮汕人团结，讲义气，宗族观念很强。,0,1,1,潮汕人,train
region,地域,909,作为一个沪漂，哪一瞬间被上海人震惊到了？,上海人真的没那么冷漠！,0,1,1,上海人,train
region,地域,3899,外省人怎么看待浙江人?,优点:聪明、勤奋、务实、讲道理。,1,1,1,浙江人,train
region,地域,2839,大家有亲身经历过地域歧视吗?,我是不喜欢各种地域黑，也不认同各种地域黑。,0,2,1,地域歧视,train
region,地域,4990,潮汕人给你的感觉是什么样子的？,我曾经在广东读过几年书和潮汕人有过一些接触，潮汕人总是会给人一种相当独立和精明的感觉。,0,1,1,潮汕人,train
region,地域,1266,和上海人一起工作要注意什么？,正是答案：做正常的你，努力工作，有礼貌，公私分明。,1,1,1,上海人,train
region,地域,3654,中国被地域歧视黑的最严重的地方是哪里？,东北其实不算，被黑的点主要是人口流失，但是现实里谁不想东北人做朋友呢，有趣，仗义。,1,1,1,东北人/浙江人/东北,train
region,地域,1195,和上海人一起工作要注意什么？,江苏江北人在上海四年了～呆过三个公司都是基本上海人的那种～表示相处的很愉快，因为我本身就是那种有社交恐惧症的人。,0,1,1,上海人,train
region,地域,2251,怎么看待东北人？,东北本地人，非常实在，好相处。,0,1,1,东北人,train
region,地域,1037,作为一个沪漂，哪一瞬间被上海人震惊到了？,我来回答一下吧！ 这是刚刚我拍的照片，上海地铁人民广场站，大家乘坐电梯的时候基本上都能做到左行右立，留出一个通道。,1,1,1,上海人,train
region,地域,5035,潮汕人给你的感觉是什么样子的？,潮汕女生出名贤惠。 整个潮汕地区给我的感觉一是经商厉害，二是非常团结。,0,1,1,潮汕人,train
region,地域,1976,为什么我周围的绝大多数东北人的家境都比我好，有些甚至好特别多?,东北不穷也不破，东北农村能拍电视剧上央视。,0,1,1,东北人,train
region,地域,3314,为什么最近一年河南人的口碑突然变好了？,一小小小挫人真能代表河南一亿人吗，我从来就对任何地方的人都没有地域歧视。,1,1,1,河南人,train
region,地域,3477,我不知道为什么总有很多人骂河南人，到底河南人惹了你们什么地方了？河南人跟你们有仇吗？,我对河南人的印象:河南是中国文化发源地，理学发源地，大气候上人们都知书达理。,0,1,1,河南人,train
region,地域,2716,网上各种黑东北，怎样和东北人相处？,如果你真的相信网上说的，那你干脆别相处了，如果你不相信你还是试着和东北人相处一下看看，东北人自带喜感。,0,1,1,东北人,train
region,地域,1792,东北人怎么看待东北？,单纯讲受过教育的东北人大多数都是好人，善良、勇敢、有担当。,0,1,1,东北人,train
region,地域,1727,东北人怎么看待东北？,爱东北，心在这里，愿守护白山黑水，守护每一个巴洛克风格城市，守护这里热情爽朗的人。,0,1,1,东北人,train
region,地域,4044,浙江人为什么大多只和本省的人结婚？,这跟浙江也没太大关系吧，不都更喜欢跟本省的人结婚吗？,1,2,1,浙江人,train
region,地域,4918,大家对潮汕人的印象是什么？,潮汕，世界的中心，宇宙文明的发源地，世界美食之乡。,0,1,1,潮汕,train
region,地域,1283,和上海人一起工作要注意什么？,说实在的，上海人是我接触过的文明礼貌守规矩程度最高的群体。,0,1,1,上海人,train
region,地域,1925,东北人脾气真的有那么暴躁吗？,没有啊，东北人脾气那是老好了，因为自己家里有钱过得好，为啥要那么暴躁呢？,0,1,1,东北人,train
region,地域,4558,浙江的地域歧视严重吗？,我对义乌，慈溪，诸暨这三个地方是很敬佩的，他们比较厉害，经济也是数一数二的，只要说到是这里人，就知道他们有钱！,1,1,1,浙江人,train
region,地域,4701,浙江的地域歧视严重吗？,外省人对浙江人的印象基本都是正面的吧，有钱，聪明。,0,1,1,浙江人,train
region,地域,5072,潮汕人给你的感觉是什么样子的？,潮汕人给人的第一感觉就是勤奋好学。,0,1,1,潮汕人,train
region,地域,2763,网上各种黑东北，怎样和东北人相处？,好相处，东北人都挺好的。,0,1,1,东北人,train
region,地域,4293,浙江会在不久未来下落到第二梯队吗？,没这样的感觉，浙江一直都发展不错啊。,0,1,1,浙江人,train
region,地域,2306,怎么看待东北人？,我觉得真正的东北人不是单纯的粗犷，而像是一种乐观，一种饱受磨难后大彻大悟的乐观。,0,1,1,东北人,train
region,地域,3827,外省人怎么看待浙江人?,我接触过的，多数都是聪明，勤奋。,1,1,1,浙江人,train
region,地域,3550,河南人的风评为什么一直不高？,河南最近两年风评真的好多了。,0,2,1,河南人,train
region,地域,1794,东北人怎么看待东北？,我感觉这块又舒坦又自由，有点两极化吧，坏人是有的，但正常的热心好人占太大多数，然后把，就是比较舒坦，自由。,1,1,1,东北人/东北,train
region,地域,4780,坊间都说潮汕人善于经商，是真的吗？有何体现？,1、潮汕人豪爽、健谈，一壶功夫茶就能说天下。,0,1,1,潮汕人,train
region,地域,4282,浙江会在不久未来下落到第二梯队吗？,作为一个出身普普通通的浙江中产阶级家庭的浙江学子来答一发，我觉得作为一个浙江人挺骄傲的，民风开放，藏富于民。,0,1,1,浙江人,train
region,地域,796,作为一个沪漂，哪一瞬间被上海人震惊到了？,浙东女孩在上海。 在上海感受到了我在浙江都没感受到的男女平等。,0,2,1,上海人,train
region,地域,1485,我想知道你们对上海人的评价是怎样的？,上海男人不错，性格挺随和，也是喝一杯啤酒就能称兄道弟，为人谦和，上海男人脾气是真的好。,0,1,1,上海人,train
region,地域,5013,潮汕人给你的感觉是什么样子的？,俊男美女很多，喜欢做生意创业。,1,1,1,潮汕人,train
region,地域,4430,浙江对中西部省份的歧视为什么那么严重？,没有的事！ 因为浙江人到外省去都不麻烦别人，有骨气靠自己，靠勤劳智慧慢慢使自己过上好日子，而且浙江民风比较纯朴。,1,1,1,浙江人,train
region,地域,383,上海的地域歧视有多严重？,先回答题主的问题，几乎没有影响，而且上海的政府机关是我见过最人性化的，就我打过交道的户口护照驾照派出所等举例。,1,1,1,上海人,train
region,地域,4587,浙江的地域歧视严重吗？,我是浙江丽水的，一个基本大部分浙江人也不知道的地方，现在在杭州上学，没有什么感觉地理歧视，每个县市的同学也都很好啊！,1,2,1,浙江人,train
region,地域,2669,网上各种黑东北，怎样和东北人相处？,个人感觉，东北人非常非常团结。,0,1,1,东北人,train
region,地域,1162,和上海人一起工作要注意什么？,经济越发达的地区，文明程度越高！,1,1,1,上海人,train
region,地域,3283,为什么最近一年河南人的口碑突然变好了？,本来就不差啊，去洛阳街头看看，南来北往的行人个个不化妆都能上电视，帅哥肩宽硬朗，美女妩媚动人。,1,1,1,河南人,train
region,地域,2362,怎么看待东北人？,之前看乡村爱情，对东北很有好感。,1,1,1,东北人,train
region,地域,357,上海的地域歧视有多严重？,说个好玩的。 我有很多上海的朋友，素质非常高。,0,1,1,上海人,train
region,地域,4164,浙江会在不久未来下落到第二梯队吗？,和浙江人做生意舒适，大部分讲信用，不会恼羞成怒胡搅蛮缠。,0,1,1,浙江人,train
occupation,职业,26869,护理专业的学生不想当护士怎么办？,考了个研学康复，发现护理还挺香。,1,2,1,护理职业,train
occupation,职业,25768,“农民工”，“新生代农民工”的称呼是否具有歧视性？,农民工有田，有宅基地，好歹饿不死，有退路。,0,1,1,工人农民,train
occupation,职业,28125,我成为程序员后感觉情商变低，怎么办？,不觉得程序员情商低，工作中只要告诉我需要告诉的，把分内工作完成，就是个好同事了。,0,1,1,程序员,train
occupation,职业,26173,为什么「工人」和「农民」成了不体面的代名词？,没觉得，干最苦的活拿最干净的钱，从心里不觉得他们下等。,0,1,1,工人农民,train
occupation,职业,26316,人大代表建议倡导媒体不使用「农民工」等语言，「农民工」这一称谓是否存在歧视性？,在我国，工人和农民的地位是最高的。,0,1,1,工人农民,train
occupation,职业,26656,你为什么热爱护士这份职业?,我为什么热爱护士这份职业，我一直在想这个问题，也一直在这条道路上努力走的更好。,0,1,1,护理职业,train
occupation,职业,27742,我有个问题为什么国家定义程序员新生代农民工，而不是高端或科技人才，这说明程序员门槛低吗？,不是门槛低，而是地位低，懂？,1,2,1,新生代农民工/程序员,train
occupation,职业,27412,2020 年北京市外来新生代农民工监测报告发布，报告显示从事信息软件相关人群占比大幅提高，意味着什么？,意味着关注重点发生了变化，码农的政治待遇即将提升。,0,1,1,新生代农民工,train
occupation,职业,27865,我有个问题为什么国家定义程序员新生代农民工，而不是高端或科技人才，这说明程序员门槛低吗？,程序员门槛挺高的，除了熟练语言要会计组，操作系统，网络，数据库，数据结构算法等，还要会数学和英语。,0,1,1,新生代农民工/程序员,train
occupation,职业,27923,我成为程序员后感觉情商变低，怎么办？,我并不觉得我的情商变低了！,1,2,1,程序员,train
occupation,职业,27673,我有个问题为什么国家定义程序员新生代农民工，而不是高端或科技人才，这说明程序员门槛低吗？,门槛不低，大部分人根本没有成为合格程序员所需的天赋。,0,2,1,新生代农民工/程序员,train
occupation,职业,25800,“农民工”，“新生代农民工”的称呼是否具有歧视性？,恰恰相反，农民工其实才是这个时代最先进的群体！,0,1,1,工人农民,train
occupation,职业,28425,为什么我们总是普遍一边宣扬职业平等，反对社会达尔文，而一边又鼓励孩子好好学习，找一个好工作？,鼓励孩子好好学习，找一个好工作，是为自己的前途不断拼搏，冲杀出一条血路。,0,2,1,职业歧视,train
occupation,职业,28130,我成为程序员后感觉情商变低，怎么办？,我见过情商高的程序员，升级都比较快。,0,1,1,程序员,train
occupation,职业,27999,我成为程序员后感觉情商变低，怎么办？,我个人感觉你们说的不爱社交这类程序员根本不算情商低，相反还感觉萌萌哒。,0,1,1,程序员,train
occupation,职业,25862,“农民工”，“新生代农民工”的称呼是否具有歧视性？,挺好的，作为新生代农民工我骄傲。,0,1,1,工人农民,train
occupation,职业,25297,德国工厂的工人为什么愿意在同一家工厂里干一辈子直到退休？,福利待遇好外加选择少。,1,1,1,工人,train
occupation,职业,25975,“农民工”，“新生代农民工”的称呼是否具有歧视性？,我没有歧视过官方定义的农民工，被官方称作农民工也不觉得是歧视。,0,1,1,工人农民,train
occupation,职业,25988,为什么「工人」和「农民」成了不体面的代名词？,好吧，我全删了可以吧，总之一句话，没有农民的付出，就不会有新中国，希望诸君记住农民为新中国做出的贡献。,0,1,1,工人农民,train
occupation,职业,25900,“农民工”，“新生代农民工”的称呼是否具有歧视性？,最初俄克佬只是指俄克拉马州的人，并没有其他意识，现在成了肮脏下流的代名词。,1,1,1,工人农民,train
occupation,职业,27029,本科护理毕业的护士真的是最不好的职业吗？,不会啊，本人大专，在省级排第二的医院规培两年，转正快两年，现在定手术室，工作顺心，团队和谐。,0,1,1,护理职业,train
gender,性别,9651,本人女，想转行去学UI设计，请问就业前景怎么样？,想学对UI设计感兴趣就可以学习，而且女生学习UI设计从事UI设计工作是有一定的优势的。,0,2,1,女性职业,val
gender,性别,9903,为什么有的人（比如部分 PhD 等高学历者）会对家庭主妇有不屑的情绪？,phD在读。 我不鄙视家庭主妇，甚至觉得她们高尚。,0,1,1,家庭主妇,val
gender,性别,9187,做数据分析的女孩子，职业发展前景在哪里？数据分析枯燥吗？,哈哈，目前在一家外企从事数据分析与挖掘工作，我们组的女生占了一半左右，女生在分析方面，思维挺活跃的，有时候想的也够多。,0,2,1,女性职业,val
gender,性别,9413,怕因生孩子而耽误事业的女性，她们的事业有多好？,我也想知道，那些一定要生男孩传宗接代的人家，你家是有多大的家业要传下去？,1,2,1,女性职业,val
gender,性别,7129,为什么被称“贤惠”会很气愤？,已婚妇女来答一波，现在有人夸我贤惠，我很开心啊，我觉得代表我的家务做的有模有样啊！,0,2,1,反感贤惠,val
race,少数民族,5590,大理白族人很暴躁吗？,不能以偏概全，反正我就挺温柔的。,1,1,1,白族人,val
race,少数民族,5084,回族姑娘怎么样？,回族姑娘可好了，一个个长得都美若天仙，倾国倾城，闭月羞花，沉鱼落雁。,0,1,1,回族人,val
race,种族文化,21528,为什么国人普遍接受不了中国女孩和非洲男孩在一起?,接受啊。 有啥不接受的。,1,1,1,黑人,val
race,种族文化,22241,为什么黑人的外貌不符合大部分中国人的审美？,不会啊，你看看A妹有多少中国粉丝，里面有多少颜控,1,1,1,黑人,val
race,种族文化,20370,中国人喜欢白皮肤是否是民族自信不足的表现（骂之前建议看看问题阐述）?,不是，只是你自己自信不足而已。,1,1,1,肤色,val
race,种族文化,17749,南京人怎么看待日本以及日本人？,南京是一个极为友好的城市。,0,1,1,日本人,val
race,少数民族,5139,请问有回族人念书只能念完小学的规定吗？,不存在的，我家里还要我读研。,1,1,1,回族人,val
race,种族文化,23686,现今中国人的种族歧视严重吗？,不严重，我是高素质的人从来不搞歧视的。,0,2,1,黑人,val
race,少数民族,5106,回族姑娘怎么样？,认识一个回族姐姐，人很好，当时去他她那里找工作，她说她就是一个小门脸，自己做，不招人。,1,1,1,回族人,val
race,种族文化,20355,中国人喜欢白皮肤是否是民族自信不足的表现（骂之前建议看看问题阐述）?,不是的。 因为欧洲前些年（至少中世纪）也就行白皮肤。,1,2,1,肤色,val
race,种族文化,22250,为什么黑人的外貌不符合大部分中国人的审美？,我就觉得很多黑人很好看啊，而且身材好的真多啊,0,1,1,黑人,val
region,地域,385,上海的地域歧视有多严重？,我不是上海人，在上海已经生活快十年了，没有觉得自己被歧视过。,0,2,1,上海人,val
region,地域,5053,潮汕人给你的感觉是什么样子的？,团结！ 潮汕人给我的感觉就是团结为第一印象！,0,1,1,潮汕人,val
region,地域,4745,坊间都说潮汕人善于经商，是真的吗？有何体现？,潮汕人聪明勇敢，相互包容，共同进取！,0,1,1,潮汕人,val
region,地域,4737,坊间都说潮汕人善于经商，是真的吗？有何体现？,都说潮州人有东方潮州人之称，成功的秘诀更多的是他们能吃苦，坚持不懈的生意经吧,0,1,1,潮汕人,val
region,地域,4225,浙江会在不久未来下落到第二梯队吗？,我反倒觉得浙江有担当。,0,1,1,浙江人,val
region,地域,1560,东北人在南方好混吗？,就四年大学生活来看，出去逛街也好，吃饭也好，都觉得很舒服。,1,1,1,东北人,val
region,地域,2742,网上各种黑东北，怎样和东北人相处？,东北人很开朗爽快，只要真心去交这个朋友，就会成为很好的朋友！,0,1,1,东北人,val
region,地域,4279,浙江会在不久未来下落到第二梯队吗？,不太可能，从地理位置，到经济活跃度各个方面，浙江都会是第一梯队。,1,1,1,浙江/浙江人,val
region,地域,1004,作为一个沪漂，哪一瞬间被上海人震惊到了？,不少上海人其实很热心。,0,1,1,上海人,val
region,地域,3367,为什么最近一年河南人的口碑突然变好了？,以前也没恶感，几个月前去了趟河南后充满了好感。,0,1,1,河南人,val
region,地域,1434,我想知道你们对上海人的评价是怎样的？,在这上学工作十几年以来，遇到的多数是家教良好、性格随和、善良热情的本地人。,1,1,1,上海人,val
region,地域,2538,最近知乎/微博上有很多人在不断的控诉东北的社会现象和东北人，对此你怎么看？,其实这些只不过是烂大街的网络暴力，连套路也是一样一样的，使用反制传统网络暴力的手段就可以了。,1,2,1,东北人,val
region,地域,1538,东北人在南方好混吗？,还算好混，大多数南方人还是很喜欢东北人的，热情大方豪爽。,1,1,1,东北人,val
region,地域,1452,我想知道你们对上海人的评价是怎样的？,我印象还蛮好的。 我一个人在外地刚开始不会买菜，都是上海的阿姨教的，学会挑皮蛋，买花甲，买土豆啥的。,0,1,1,上海人,val
region,地域,4913,大家对潮汕人的印象是什么？,遇到的潮汕人不多，刚好有年轻的小伙子小姑娘，小伙子踏实，勤奋，仗义，小姑娘也是勤奋，温柔，善良。,0,1,1,潮汕人,val
region,地域,1773,东北人怎么看待东北？,东北好啊，有山有水有树林，东北人都大个漂亮白净，比如我。,0,1,1,东北人,val
region,地域,1796,东北人怎么看待东北？,完达山的奶最好喝，秋林格瓦斯最好喝，哈尔滨红肠三姐妹冷面大庆老奶粉佳木斯宾馆肠，知名锅包肉就不说了，拌面必须拥有排面。,1,1,1,东北人/东北,val
region,地域,1505,我想知道你们对上海人的评价是怎样的？,上海话老好听了，不论年长的阿姨还是年少的小姑娘，我觉得说话都好嗲喔，我好爱哟。,0,1,1,上海人,val
region,地域,3207,为什么最近一年河南人的口碑突然变好了？,我遇到的在外打工的河南年轻人都非常不错。,0,1,1,河南人,val
region,地域,1397,我想知道你们对上海人的评价是怎样的？,精明，守规矩，有契约精神。,1,1,1,上海人,val
region,地域,2318,怎么看待东北人？,首先，我有个人特别好、非常努力、非常温柔内敛的好朋友是东北人，所以我想说哪里的人都有好有坏。,0,1,1,东北人,val
region,地域,3425,为什么最近一年河南人的口碑突然变好了？,河南人在山西的口碑一直很好，吃苦耐劳，能干。,0,1,1,河南人,val
region,地域,479,上海的地域歧视有多严重？,上海人排外么？ 并不。,0,1,1,上海人,val
region,地域,3846,外省人怎么看待浙江人?,我也接触过不少浙江人，就我接触过的而言，一句话概括，聪明而又强势。,0,1,1,浙江人,val
region,地域,2085,为什么我周围的绝大多数东北人的家境都比我好，有些甚至好特别多?,我觉得其实是会活二字吧，东北确实不富裕，但也不穷，生活的有滋味会让人感觉挺富裕的。,0,1,1,东北人,val
region,地域,1732,东北人怎么看待东北？,鄙人黑龙江人。 东北就自然条件来说绝对是国内最为优秀的那一批地区，肥沃的黑土地、森林和矿藏，大平原一望无际。,0,1,1,东北人/东北,val
region,地域,1249,和上海人一起工作要注意什么？,请注重仪表，体现出自己的专业，培养出一定的品味就可以了…,1,1,1,上海人,val
region,地域,3351,为什么最近一年河南人的口碑突然变好了？,难道你没发现很多方面口碑都变好了？,1,2,1,河南人,val
region,地域,5011,潮汕人给你的感觉是什么样子的？,我身边的潮汕人，都很能干，上进，精明，勤奋，而且做饭都好好吃，都很优秀。,0,1,1,潮汕人,val
region,地域,4100,浙江会在不久未来下落到第二梯队吗？,我可以很负责地说，浙江不会下落到第二梯队，浙江只会越来越富强。,0,1,1,浙江人/浙江,val
region,地域,3478,我不知道为什么总有很多人骂河南人，到底河南人惹了你们什么地方了？河南人跟你们有仇吗？,我对河南人的印象:河南是中国文化发源地，理学发源地，大气候上人们都知书达理。,0,1,1,河南人,val
region,地域,603,上海的地域歧视有多严重？,在上海七年，周边同事几乎都是上海人，基本上对我都很友好。,0,1,1,上海人,val
region,地域,1726,东北人怎么看待东北？,挺好的啊，不管去哪旅游，只要都是东北人，就会特别亲切，辽吉黑统称东北人。,0,1,1,东北人,val
region,地域,1725,东北人怎么看待东北？,宽广、富饶、美丽。 。,1,1,1,东北人,val
occupation,职业,27022,本科护理毕业的护士真的是最不好的职业吗？,怎么能这么说呢？ 护理职业很好啊！,0,1,1,护理职业,val
gender,性别,14178,为什么男性同性恋更易感染艾滋病？,看不懂，得艾滋病的几率高低跟自不自然有什么关系?,1,1,1,男同性恋,test
gender,性别,8493,如何看待女同性恋中的T?,没什么不一样的存在，帅，心细，温柔。,1,1,1,女同性恋,test
gender,性别,7720,同性恋真的让人觉得很恶心吗？,我从没觉得同性恋恶心。,1,1,1,同性恋,test
gender,性别,9801,为什么有的人（比如部分 PhD 等高学历者）会对家庭主妇有不屑的情绪？,哎，都啥年代了，我想说新冠病毒都不会戴有色眼镜看人了。,1,2,1,家庭主妇,test
gender,性别,11400,大学女生成绩普遍比男生好吗，为什么？,惊天秘密！ 牛顿其实是女的，爱因斯坦也是女的，特斯拉居然也是女的！,1,2,1,性别成绩,test
race,种族文化,20145,中国人喜欢白皮肤是否是民族自信不足的表现（骂之前建议看看问题阐述）?,说反了，我认为这是民族自信的体现。,1,1,1,肤色,test
race,种族文化,22146,为什么黑人的外貌不符合大部分中国人的审美？,也许是看球多了吧，从来没有觉得过黑人长相有什么突兀的。,0,1,1,黑人,test
race,种族文化,24285,美国的「黑命贵」是怎样一种情况？,黑人由于自己悲惨的历史命运，积极的参加各种社会活动，积极的投票，从而加强了自己的政治影响力。,0,1,1,黑人,test
race,种族文化,16153,如何看待杨安泽带妻儿外出购物被美国人歧视，发文称「作为亚裔感到羞耻」？,他“作为亚裔感到羞耻”但我“作为中国人，感到自豪和骄傲！,0,2,1,亚裔歧视,test
race,种族文化,20237,中国人喜欢白皮肤是否是民族自信不足的表现（骂之前建议看看问题阐述）?,中国人喜欢白皮肤是自古有之的啊，不然“肤如凝脂”“皓腕凝霜雪”这些成语和词句是怎么来的呢，古人的民族自信可不要太高。,1,2,1,肤色,test
race,种族文化,18785,日本老师几乎每节课都要大骂中国，作为中国留学生该怎么办？,我在，google+里面认识的日本人都没有对中国的歧视倾向，反倒觉得他们懂得中文比我懂得日语多得多,0,1,1,日本人,test
race,种族文化,20614,为什么肤白会成为美女标准？,因为肤白，干净明朗，服装颜色选择广，无论明黄，青草绿，宝石蓝都能驾驭，给人富足，舒适生活的感觉。,0,2,1,肤色,test
race,种族文化,21436,为什么国人普遍接受不了中国女孩和非洲男孩在一起?,我刷抖音，刷到过在非洲的中国人拍的视频，里边有涉及到一些当地人，如果不是摆拍的话，其实有的当地人还是能够勤劳踏实干活的。,0,1,1,黑人,test
race,种族文化,24566,黑人在美国是被歧视还是优待的?,个人观点，奉公守法勤恳努力的黑人，是被优待的，实际上优待政策就是为了帮助黑人走出暴力和贫穷。,1,1,1,黑人,test
race,种族文化,20762,如何看待外国人因中国人以白为美而认为中国种族歧视？,咋说呢，中日韩就是皮肤白、智力高而且守序，可以发展出高度文明，怎么滴吧？,1,1,1,肤色,test
race,种族文化,17237,为什么印度人在硅谷如日中天，华人却很难混入高层？,中国人实力太强，中国潜力太大，无形中让人心生戒惧。,0,1,1,印度人,test
race,少数民族,5907,作为一名蒙古族，不会说蒙语是什么感受？,没事，作为在广州出生长大的蒙古族，我一不会蒙语二不会粤语，活到现在。,1,2,1,蒙古族人,test
race,种族文化,19789,在美国遇到对中国人的种族歧视怎么优雅的怼回去？,我两次去美国都没有遇到种族歧视，可能和我去的地方种族多元化有关，旧金山，洛杉矶，纽约波士顿。,0,2,1,种族歧视,test
race,a,5737,为什么外蒙对中国人不友好？,不是捐了很多羊么？ 哪里不好了。,1,1,1,蒙古族人,test
race,种族文化,17881,日本人是怎么看待中国人的？,刚开始接触日本人，完全感受不到被差别对待。,0,1,1,日本人,test
race,种族文化,19068,为什么一些人觉得白人比黑人好看？这种审美观的形成与潜在种族歧视有关吗？,个人观点:黑人接触不多，就以nba为例，似乎男性黑人都蛮帅的，不比白人球员差。,0,1,1,种族歧视/黑人,test
region,地域,4991,潮汕人给你的感觉是什么样子的？,以前读书宿舍就我一个韶关的，其他全是潮汕的，刚开始给我的第一个感觉就是热情，到哪都是热情友善的待人（噶几南）。,1,1,1,潮汕人,test
region,地域,3900,江西人马上去浙江读书，学校里90%都是浙江人 浙江人会有地域歧视吗看不起江西人吗 有点害怕?,江西老表来回答这个问题哈，我在杭州待了6年，画室俩年大学四年，从来没有听说过或者亲历过浙江的地域歧视，不必担心哈。,0,2,1,浙江人,test
region,地域,579,上海的地域歧视有多严重？,杭州人，经常去上海，感觉上海对外地人的包容度比杭州高，商场酒店的工作人员服务态度都比杭州好一些。,1,2,1,上海人,test
region,地域,938,作为一个沪漂，哪一瞬间被上海人震惊到了？,所有不喜欢上海的朋友，希望你知道们，你遇到的个别人和事不能代表整座城市！,1,1,1,上海人,test
region,地域,1212,和上海人一起工作要注意什么？,不要敏感，大多数上海人不排外。,0,1,1,上海人,test
region,地域,5039,潮汕人给你的感觉是什么样子的？,有钱，漂亮，太漂亮了。,1,1,1,潮汕人,test
region,地域,1825,东北人怎么看待东北？,黑龙江鸡西人。 热爱黑龙江的一草一木。,0,1,1,东北人,test
region,地域,2395,最近知乎/微博上有很多人在不断的控诉东北的社会现象和东北人，对此你怎么看？,我走过好几个城市也没碰到像网络上对东北人有这么排挤侮辱的情况。,1,2,1,东北人,test
region,地域,3453,我不知道为什么总有很多人骂河南人，到底河南人惹了你们什么地方了？河南人跟你们有仇吗？,我相信河南有好人，憨厚老实正直善良的都有。,0,1,1,河南人,test
region,地域,1491,我想知道你们对上海人的评价是怎样的？,对于上海，还是很喜欢的，有我喜欢吃的大白兔奶糖。,0,1,1,上海人,test
region,地域,1494,我想知道你们对上海人的评价是怎样的？,我觉得我遇到的上海人都不错啊，以前的房东阿姨会给送我绿豆汤，煎包。,0,1,1,上海人,test
region,地域,4488,浙江的地域歧视严重吗？,我很自豪地说，浙江治安挺好,0,1,1,浙江人,test
region,地域,3785,中国被地域歧视黑的最严重的地方是哪里？,在杭州骑电动车烧伤的江苏父女，一天功夫筹款二百多万，第二天四百多万，到目前为止已有700万，杭州是个有爱有温度的城市。,1,2,1,浙江人,test
region,地域,2374,怎么看待东北人？,真的挺奇怪的，我是土生土长的东北人，我在上学期间也没见过几个你们说的人品那么次的人啊。,0,1,1,东北人,test
region,地域,3441,为什么最近一年河南人的口碑突然变好了？,因为我认识的几个河南人真的很勤劳，很善良。,1,1,1,河南人,test
region,地域,3523,河南人为什么被称作中国的吉普赛人？,比喻确实有点不恰当，吉普赛人出名并不靠勤劳的劳动。,1,1,1,吉普赛人/河南人,test
region,地域,2137,为什么我周围的绝大多数东北人的家境都比我好，有些甚至好特别多?,东北人只是看起来家境好，同资产生活水平更高。,0,1,1,东北人,test
region,地域,896,作为一个沪漂，哪一瞬间被上海人震惊到了？,我10年前在上海住过一年，我感觉挺好的，深圳这边超市里都是外来打工的妹子或者大姐，除了促销时对你很热情。,1,1,1,上海人,test
region,地域,4049,浙江人为什么大多只和本省的人结婚？,我们浙江清秀小伙比较多，性格也温顺，特别讨喜，看到就想娶回家。,0,1,1,浙江人,test
region,地域,2909,大家有亲身经历过地域歧视吗?,在上海工作十年了，大部分遇到的都是善意的本地朋友，偶尔有些年纪大的老爷叔老阿姨会带点骄傲的炫耀，但是都很热心肠。,1,1,1,地域歧视,test
region,地域,1916,东北人脾气真的有那么暴躁吗？,十一坐火车去沈阳，一车厢东北人真是超级harmony，而且东北话又超幽默。,1,1,1,东北人,test
region,地域,1761,东北人怎么看待东北？,怎么看？ 就你甭管怎么地域黑，你问我哪的人，嘴上好像有些不好意思说我东北的，但骨子里总有种莫名的骄傲。,0,1,1,东北人,test
region,地域,1542,东北人在南方好混吗？,岂止全国，东北人在全球都是融入最好的。,1,1,1,东北人,test
region,地域,3879,外省人怎么看待浙江人?,刚开始相处，礼貌、热心、尊重。,1,1,1,浙江人,test
region,地域,1471,我想知道你们对上海人的评价是怎样的？,比我强，比我有钱比我素质高比我有文化比我时尚比我潮，总之就是牛批，不愧是一线城市。,1,1,1,上海人,test
region,地域,5054,潮汕人给你的感觉是什么样子的？,很团结，很强悍。 每个团体里的潮汕人都格外突出。,0,1,1,潮汕人,test
occupation,职业,26697,护理专业的学生不想当护士怎么办？,护理研究生毕业，然后晋升的空间还是比较大的。,1,1,1,护理职业,test
occupation,职业,28617,如何看待职业歧视？有办法解决吗？,曾几何时，我们接受的教育告诉我们：“360行，行行出状元”职业没有高低贵贱之分。,0,1,1,职业歧视,test
